<?xml version="1.0" encoding="UTF-8"?>
<mappings
	xmlns="http://dozer.sourceforge.net"
	xmlns:xsi="http://www.w3.org/2001/XMLSchema-instance"
	xsi:schemaLocation="http://dozer.sourceforge.net
          http://dozer.sourceforge.net/schema/beanmapping.xsd">

	<mapping type="one-way">
		<class-a bean-factory="contextFactory">org.transgalactica.management.rest.logistics.data.HangarCommand</class-a>
		<class-b bean-factory="contextFactory">org.transgalactica.management.data.materiel.bo.HangarEntity</class-b>
	</mapping>

	<mapping type="one-way">
		<class-a>java.util.List</class-a>
		<class-b bean-factory="contextFactory">org.transgalactica.management.rest.logistics.data.HangarDtos</class-b>
		<field>
			<a>this</a>
			<b
				set-method="add(org.transgalactica.management.rest.logistics.data.HangarDto)"
				type="iterate">hangars</b>
			<b-hint>org.transgalactica.management.rest.logistics.data.HangarDto</b-hint>
		</field>
	</mapping>

	<mapping type="one-way">
		<class-a>org.transgalactica.management.data.materiel.bo.HangarSummary</class-a>
		<class-b bean-factory="contextFactory">org.transgalactica.management.rest.logistics.data.HangarDto</class-b>
		<field>
			<a>numeroHangar</a>
			<b>numero</b>
		</field>
		<field>
			<a>localisationHangar</a>
			<b>localisation</b>
		</field>
		<field>
			<a>nombreEmplacementsHangar</a>
			<b>nombreEmplacements</b>
		</field>
	</mapping>

	<!-- Déclaration des champs de meme nom obligatoire, car le setter n'est pas dans l'interface -->
	<mapping type="one-way">
		<class-a>org.transgalactica.management.data.materiel.bo.HangarEntity</class-a>
		<class-b bean-factory="contextFactory">org.transgalactica.management.rest.logistics.data.HangarDetailDto</class-b>
		<field>
			<a>numero</a>
			<b>numero</b>
		</field>
		<field>
			<a>localisation</a>
			<b>localisation</b>
		</field>
		<field>
			<a>nombreEmplacements</a>
			<b>nombreEmplacements</b>
		</field>
		<field>
			<a>vaisseaux</a>
			<b>vaisseaux</b>
		</field>
	</mapping>

	<mapping type="one-way">
		<class-a>org.transgalactica.management.data.materiel.bo.VaisseauEntity</class-a>
		<class-b bean-factory="contextFactory">org.transgalactica.management.rest.logistics.data.HangarDetailDto$VaisseauDto</class-b>
		<field>
			<a>immatriculation</a>
			<b>immatriculation</b>
		</field>
		<field>
			<a>modele</a>
			<b>modele</b>
		</field>
		<field>
			<a>nombreDePassagers</a>
			<b>nombreDePassagers</b>
		</field>
		<field>
			<a>capaciteDeFret</a>
			<b>capaciteDeFret</b>
		</field>
		<field>
			<a>vitesse</a>
			<b>vitesse</b>
		</field>
		<field>
			<a>autonomie</a>
			<b>autonomie</b>
		</field>
	</mapping>

	<mapping type="one-way">
		<class-a>java.lang.String</class-a>
		<class-b bean-factory="contextFactory">org.transgalactica.management.data.materiel.bo.HangarSearchCriteria</class-b>
		<field>
			<a>this</a>
			<b>localisationHangar</b>
		</field>
	</mapping>
</mappings>
