<?xml version="1.0" encoding="UTF-8"?>
<mappings
	xmlns="http://dozer.sourceforge.net"
	xmlns:xsi="http://www.w3.org/2001/XMLSchema-instance"
	xsi:schemaLocation="http://dozer.sourceforge.net
          http://dozer.sourceforge.net/schema/beanmapping.xsd">

	<mapping type="one-way">
		<class-a bean-factory="contextFactory">org.transgalactica.management.rest.logistics.data.VaisseauCommand</class-a>
		<class-b bean-factory="contextFactory">org.transgalactica.management.data.materiel.bo.VaisseauEntity</class-b>
	</mapping>

	<mapping type="one-way">
		<class-a bean-factory="contextFactory">org.transgalactica.management.rest.logistics.data.VaisseauCommand</class-a>
		<class-b bean-factory="contextFactory">org.transgalactica.management.data.materiel.bo.VaisseauIntergalactiqueEntity</class-b>
	</mapping>

	<mapping type="one-way">
		<class-a>java.util.List</class-a>
		<class-b bean-factory="contextFactory">org.transgalactica.management.rest.logistics.data.VaisseauDtos</class-b>
		<field>
			<a>this</a>
			<b
				set-method="add(org.transgalactica.management.rest.logistics.data.VaisseauDto)"
				type="iterate">vaisseaux</b>
			<b-hint>org.transgalactica.management.rest.logistics.data.VaisseauDto</b-hint>
		</field>
	</mapping>

	<mapping
		type="one-way"
		wildcard="false">
		<class-a bean-factory="contextFactory">org.transgalactica.management.data.materiel.bo.VaisseauSummary</class-a>
		<class-b bean-factory="contextFactory">org.transgalactica.management.rest.logistics.data.VaisseauDto</class-b>
		<field>
			<a>immatriculationVaisseau</a>
			<b>immatriculation</b>
		</field>
		<field>
			<a>modeleVaisseau</a>
			<b>modele</b>
		</field>
		<field>
			<a>localisationHangar</a>
			<b>localisationHangar</b>
		</field>
	</mapping>

	<!-- Déclaration des champs de meme nom obligatoire, car le setter n'est pas dans l'interface -->
	<mapping
		type="one-way"
		wildcard="false">
		<class-a bean-factory="contextFactory">org.transgalactica.management.data.materiel.bo.VaisseauEntity</class-a>
		<class-b bean-factory="contextFactory">org.transgalactica.management.rest.logistics.data.VaisseauDetailDto</class-b>
		<field>
			<a>immatriculation</a>
			<b>immatriculation</b>
		</field>
		<field>
			<a>modele</a>
			<b>modele</b>
		</field>
		<field>
			<a>nombreDePassagers</a>
			<b>nombreDePassagers</b>
		</field>
		<field>
			<a>capaciteDeFret</a>
			<b>capaciteDeFret</b>
		</field>
		<field>
			<a>vitesse</a>
			<b>vitesse</b>
		</field>
		<field>
			<a>autonomie</a>
			<b>autonomie</b>
		</field>
		<field>
			<a>hangar.numero</a>
			<b>numeroHangar</b>
		</field>
		<field>
			<a>hangar.localisation</a>
			<b>localisationHangar</b>
		</field>
	</mapping>

	<mapping
		type="one-way"
		wildcard="false">
		<class-a bean-factory="contextFactory">org.transgalactica.management.data.materiel.bo.VaisseauIntergalactiqueEntity</class-a>
		<class-b bean-factory="contextFactory">org.transgalactica.management.rest.logistics.data.VaisseauDetailDto</class-b>
		<field>
			<a>multiplicateurHyperdrive</a>
			<b>multiplicateurHyperdrive</b>
		</field>
	</mapping>
</mappings>

