<?xml version="1.0" encoding="UTF-8"?>
<mappings
	xmlns="http://dozer.sourceforge.net"
	xmlns:xsi="http://www.w3.org/2001/XMLSchema-instance"
	xsi:schemaLocation="http://dozer.sourceforge.net
          http://dozer.sourceforge.net/schema/beanmapping.xsd">

	<mapping
		type="one-way">
		<class-a>org.transgalactica.management.data.people.bo.EmployeEntity</class-a>
		<class-b
			bean-factory="contextFactory">org.transgalactica.batch.salaire.bo.SalaireTo</class-b>
		<field>
			<a>nom</a>
			<b>nomEmploye</b>
		</field>
		<field>
			<a>dateEmbauche</a>
			<b>dateEmbaucheEmploye</b>
		</field>
		<field>
			<a>type</a>
			<b>typeEmploye</b>
		</field>
	</mapping>

</mappings>
