<?xml version="1.0" encoding="UTF-8"?>

<mappings
	xmlns="http://dozer.sourceforge.net"
	xmlns:xsi="http://www.w3.org/2001/XMLSchema-instance"
	xsi:schemaLocation="http://dozer.sourceforge.net
          http://dozer.sourceforge.net/schema/beanmapping.xsd">

	<mapping type="one-way">
		<class-a>org.transgalactica.management.data.materiel.bo.HangarSummary</class-a>
		<class-b bean-factory="contextFactory">
			org.transgalactica.management.ws.logistics.data.BasicHangarDto
		</class-b>
		<field>
			<a>numeroHangar</a>
			<b>numero</b>
		</field>
		<field>
			<a>localisationHangar</a>
			<b>localisation</b>
		</field>
		<field>
			<a>nombreEmplacementsHangar</a>
			<b>nombreEmplacements</b>
		</field>
	</mapping>

</mappings>
