<?xml version="1.0" encoding="UTF-8"?>
<mappings
	xmlns="http://dozer.sourceforge.net"
	xmlns:xsi="http://www.w3.org/2001/XMLSchema-instance"
	xsi:schemaLocation="http://dozer.sourceforge.net
          http://dozer.sourceforge.net/schema/beanmapping.xsd">


	<mapping type="one-way">
		<class-a>org.transgalactica.data.rest.bo.PiloteTo</class-a>
		<class-b bean-factory="org.dozer.factory.JAXBBeanFactory">org.transgalactica.flux.rest.PiloteCommand</class-b>
		<field custom-converter="org.transgalactica.data.rest.mapper.impl.EmployeTypeToStringConverter">
			<a>typeEmploye</a>
			<b>employeType</b>
		</field>
	</mapping>

	<mapping type="one-way">
		<class-a>org.transgalactica.data.rest.bo.MecanicienTo</class-a>
		<class-b bean-factory="org.dozer.factory.JAXBBeanFactory">org.transgalactica.flux.rest.EmployeCommand</class-b>
		<field custom-converter="org.transgalactica.data.rest.mapper.impl.EmployeTypeToStringConverter">
			<a>typeEmploye</a>
			<b>employeType</b>
		</field>
	</mapping>
 
	<mapping type="one-way">
		<class-a>org.transgalactica.flux.rest.EmployeDto</class-a>
		<class-b bean-factory="contextFactory">org.transgalactica.data.rest.bo.EmployeSummaryTo</class-b>
		<field>
			<a>matricule</a>
			<b>matricule</b>
		</field>
		<field>
			<a>nom</a>
			<b>nom</b>
		</field>
		<field>
			<a>dateEmbauche</a>
			<b>dateEmbauche</b>
		</field>
		<field>
			<a>typeEmploye</a>
			<b>typeEmploye</b>
		</field>
	</mapping>

	<mapping type="one-way">
		<class-a>org.transgalactica.flux.rest.PiloteDetailDto</class-a>
		<class-b bean-factory="contextFactory">org.transgalactica.data.rest.bo.PiloteTo</class-b>
		<field>
			<a>vaisseaux</a>
			<b>vaisseaux</b>
		</field>
		<field>
			<a>nombreHeuresVol</a>
			<b>nombreHeuresVol</b>
		</field>
	</mapping>

	<mapping type="one-way">
		<class-a>org.transgalactica.flux.rest.MecanicienDetailDto</class-a>
		<class-b bean-factory="contextFactory">org.transgalactica.data.rest.bo.MecanicienTo</class-b>
		<field>
			<a>vaisseaux</a>
			<b>vaisseaux</b>
		</field>
		<field>
			<a>specialites</a>
			<b>specialites</b>
		</field>
	</mapping>

	<mapping type="one-way">
		<class-a>org.transgalactica.flux.rest.EmployeVaisseau</class-a>
		<class-b bean-factory="contextFactory">org.transgalactica.data.rest.bo.EmployeTo$VaisseauTo</class-b>
		<field>
			<a>immatriculation</a>
			<b>immatriculation</b>
		</field>
		<field>
			<a>modele</a>
			<b>modele</b>
		</field>
		<field>
			<a>nombreDePassagers</a>
			<b>nombreDePassagers</b>
		</field>
		<field>
			<a>capaciteDeFret</a>
			<b>capaciteDeFret</b>
		</field>
		<field>
			<a>vitesse</a>
			<b>vitesse</b>
		</field>
		<field>
			<a>autonomie</a>
			<b>autonomie</b>
		</field>
	</mapping>

</mappings>
