<?xml version="1.0" encoding="UTF-8"?>
<mappings
	xmlns="http://dozer.sourceforge.net"
	xmlns:xsi="http://www.w3.org/2001/XMLSchema-instance"
	xsi:schemaLocation="http://dozer.sourceforge.net
          http://dozer.sourceforge.net/schema/beanmapping.xsd">

	<!-- Hangars -->
	<mapping type="one-way">
		<class-a>org.transgalactica.data.rest.bo.HangarTo</class-a>
		<class-b>org.transgalactica.flux.rest.HangarCommand</class-b>
	</mapping>

	<mapping type="one-way">
		<class-a>org.transgalactica.flux.rest.HangarDto</class-a>
		<class-b bean-factory="contextFactory">org.transgalactica.data.rest.bo.HangarSummaryTo</class-b>
		<field>
			<a>numero</a>
			<b>numero</b>
		</field>
		<field>
			<a>localisation</a>
			<b>localisation</b>
		</field>
		<field>
			<a>nombreEmplacements</a>
			<b>nombreEmplacements</b>
		</field>
	</mapping>

	<mapping type="one-way">
		<class-a>org.transgalactica.flux.rest.HangarDetailDto</class-a>
		<class-b bean-factory="contextFactory">org.transgalactica.data.rest.bo.HangarTo</class-b>
		<field>
			<a>vaisseaux</a>
			<b>vaisseaux</b>
		</field>
	</mapping>

	<mapping type="one-way">
		<class-a>org.transgalactica.flux.rest.HangarVaisseau</class-a>
		<class-b bean-factory="contextFactory">org.transgalactica.data.rest.bo.HangarTo$VaisseauTo</class-b>
		<field>
			<a>immatriculation</a>
			<b>immatriculation</b>
		</field>
		<field>
			<a>modele</a>
			<b>modele</b>
		</field>
		<field>
			<a>nombreDePassagers</a>
			<b>nombreDePassagers</b>
		</field>
		<field>
			<a>capaciteDeFret</a>
			<b>capaciteDeFret</b>
		</field>
		<field>
			<a>vitesse</a>
			<b>vitesse</b>
		</field>
		<field>
			<a>autonomie</a>
			<b>autonomie</b>
		</field>
	</mapping>

	<!-- Vaisseaux -->
	<mapping type="one-way">
		<class-a>org.transgalactica.data.rest.bo.VaisseauTo</class-a>
		<class-b>org.transgalactica.flux.rest.VaisseauCommand</class-b>
	</mapping>

	<mapping type="one-way">
		<class-a>org.transgalactica.flux.rest.VaisseauDto</class-a>
		<class-b bean-factory="contextFactory">org.transgalactica.data.rest.bo.VaisseauSummaryTo</class-b>
		<field>
			<a>immatriculation</a>
			<b>immatriculation</b>
		</field>
		<field>
			<a>modele</a>
			<b>modele</b>
		</field>
		<field>
			<a>localisationHangar</a>
			<b>localisationHangar</b>
		</field>
	</mapping>

	<mapping type="one-way">
		<class-a>org.transgalactica.flux.rest.VaisseauDetailDto</class-a>
		<class-b bean-factory="contextFactory">org.transgalactica.data.rest.bo.VaisseauTo</class-b>
		<field>
			<a>vitesse</a>
			<b>vitesse</b>
		</field>
		<field>
			<a>autonomie</a>
			<b>autonomie</b>
		</field>
		<field>
			<a>nombreDePassagers</a>
			<b>nombreDePassagers</b>
		</field>
		<field>
			<a>capaciteDeFret</a>
			<b>capaciteDeFret</b>
		</field>
		<field>
			<a>multiplicateurHyperdrive</a>
			<b>multiplicateurHyperdrive</b>
		</field>
		<field>
			<a>numeroHangar</a>
			<b>numeroHangar</b>
		</field>
	</mapping>

</mappings>
