<assembly
	xmlns="http://maven.apache.org/plugins/maven-assembly-plugin/assembly/1.1.0"
	xmlns:xsi="http://www.w3.org/2001/XMLSchema-instance"
	xsi:schemaLocation="http://maven.apache.org/plugins/maven-assembly-plugin/assembly/1.1.0 http://maven.apache.org/xsd/assembly-1.1.0.xsd">

	<id>jetty-web-distrib</id>

	<formats>
		<format>tar.gz</format>
	</formats>

	<includeBaseDirectory>false</includeBaseDirectory>

	<fileSets>
		<!-- bin -->
		<fileSet>
			<directory>src/main/scripts</directory>
			<outputDirectory>bin</outputDirectory>
			<includes>
				<include>**/*</include>
			</includes>
		</fileSet>	
	
		<!-- conf -->
		<fileSet>
			<directory>src/main/config</directory>
			<outputDirectory>conf</outputDirectory>
			<includes>
				<include>**/*</include>
			</includes>
		</fileSet>

		<!-- boot -->
		<fileSet>
			<directory>${project.build.directory}/dependency</directory>
			<outputDirectory>boot</outputDirectory>
			<includes>
				<include>**/*</include>
			</includes>
		</fileSet>
		
		<!-- lib -->
		<fileSet>
			<directory>${project.build.directory}</directory>
			<outputDirectory>lib</outputDirectory>
			<includes>
				<include>*.ear</include>
				<include>*.war</include>
			</includes>
		</fileSet>
		
	</fileSets>
</assembly>
