<assembly
	xmlns="http://maven.apache.org/plugins/maven-assembly-plugin/assembly/1.1.0"
	xmlns:xsi="http://www.w3.org/2001/XMLSchema-instance"
	xsi:schemaLocation="http://maven.apache.org/plugins/maven-assembly-plugin/assembly/1.1.0 http://maven.apache.org/xsd/assembly-1.1.0.xsd">

	<id>static-web-distrib</id>

	<formats>
		<format>tar.gz</format>
	</formats>

	<includeBaseDirectory>false</includeBaseDirectory>

	<fileSets>
		<!-- static web resources -->
		<fileSet>
			<directory>src/main/webapp</directory>
			<outputDirectory>/</outputDirectory>
			<includes>
				<include>**/*</include>
			</includes>
		</fileSet>	
	</fileSets>
</assembly>
